delete from EMPLOYEE;
insert into EMPLOYEE (SSN, FName, LName, BDate, Address, Gender, Salary, DNumber, SupervisorSSN) values ('124-92-8463', 'Gerald', 'Stevens', '1988-01-11', '10 Green Court', 'M', 138475, 1, '704-75-2286');
insert into EMPLOYEE (SSN, FName, LName, BDate, Address, Gender, Salary, DNumber, SupervisorSSN) values ('704-75-2286', 'Helen', 'Sims', '1954-10-16', '0 Surrey Hill', 'F', 163858, 1, NULL );
insert into EMPLOYEE (SSN, FName, LName, BDate, Address, Gender, Salary, DNumber, SupervisorSSN) values ('873-27-3155', 'Paula', 'Stephens', '1949-11-17', '643 Katie Plaza', 'F', 201260, 1, '704-75-2286');
insert into EMPLOYEE (SSN, FName, LName, BDate, Address, Gender, Salary, DNumber, SupervisorSSN) values ('193-93-7676', 'James', 'Cook', '1946-04-27', '9900 Golf Terrace', 'M', 178300, 1, '704-75-2286');
insert into EMPLOYEE (SSN, FName, LName, BDate, Address, Gender, Salary, DNumber, SupervisorSSN) values ('723-82-0194', 'Ryan', 'Andrews', '1978-10-04', '5 Namekagon Street', 'M', 216637, 1, '704-75-2286');
insert into EMPLOYEE (SSN, FName, LName, BDate, Address, Gender, Salary, DNumber, SupervisorSSN) values ('459-12-9122', 'Betty', 'Mills', '1968-01-03', '172 Utah Pass', 'F', 79256, 1, '704-75-2286');
insert into EMPLOYEE (SSN, FName, LName, BDate, Address, Gender, Salary, DNumber, SupervisorSSN) values ('378-34-4245', 'Theresa', 'Spencer', '1976-07-13', '012 Harper Way', 'F', 142690, 1, '704-75-2286');
insert into EMPLOYEE (SSN, FName, LName, BDate, Address, Gender, Salary, DNumber, SupervisorSSN) values ('446-47-4497', 'Andrea', 'Hayes', '1961-12-08', '07 Dovetail Hill', 'F', 149180, 1, '704-75-2286');
insert into EMPLOYEE (SSN, FName, LName, BDate, Address, Gender, Salary, DNumber, SupervisorSSN) values ('260-19-9175', 'Beverly', 'Ruiz', '1962-01-31', '34 Russell Lane', 'F', 73412, 1, '704-75-2286');
insert into EMPLOYEE (SSN, FName, LName, BDate, Address, Gender, Salary, DNumber, SupervisorSSN) values ('195-07-7140', 'Jason', 'Harvey', '1986-07-12', '2 Pearson Lane', 'M', 145773, 1, '704-75-2286');
insert into EMPLOYEE (SSN, FName, LName, BDate, Address, Gender, Salary, DNumber, SupervisorSSN) values ('154-48-4508', 'Harold', 'Jordan', '1981-07-01', '28 Golf View Hill', 'M', 70318, 1, '704-75-2286');
insert into EMPLOYEE (SSN, FName, LName, BDate, Address, Gender, Salary, DNumber, SupervisorSSN) values ('373-78-7338', 'Keith', 'Clark', '1981-07-30', '13 Moulton Place', 'M', 105975, 1, '704-75-2286');
insert into EMPLOYEE (SSN, FName, LName, BDate, Address, Gender, Salary, DNumber, SupervisorSSN) values ('587-79-3807', 'Sean', 'Watson', '1975-12-19', '278 Maple Wood Terrace', 'M', 170056, 1, '704-75-2286');
insert into EMPLOYEE (SSN, FName, LName, BDate, Address, Gender, Salary, DNumber, SupervisorSSN) values ('700-16-2808', 'Nicole', 'Jacobs', '1953-01-01', '55692 Banding Avenue', 'F', 115157, 1, '704-75-2286');
insert into EMPLOYEE (SSN, FName, LName, BDate, Address, Gender, Salary, DNumber, SupervisorSSN) values ('142-39-8417', 'Ernest', 'Williams', '1970-09-05', '59 Transport Trail', 'M', 150646, 1, '704-75-2286');
insert into EMPLOYEE (SSN, FName, LName, BDate, Address, Gender, Salary, DNumber, SupervisorSSN) values ('133-44-0812', 'Catherine', 'Mills', '1946-05-06', '8432 Northview Park', 'F', 118246, 1, '704-75-2286');
insert into EMPLOYEE (SSN, FName, LName, BDate, Address, Gender, Salary, DNumber, SupervisorSSN) values ('621-85-5251', 'Bobby', 'Grant', '1955-09-19', '529 Sugar Alley', 'M', 172393, 1, '704-75-2286');
insert into EMPLOYEE (SSN, FName, LName, BDate, Address, Gender, Salary, DNumber, SupervisorSSN) values ('258-50-5348', 'Barbara', 'Hunter', '1966-10-01', '38 Old Shore Junction', 'F', 195801, 2, NULL );
insert into EMPLOYEE (SSN, FName, LName, BDate, Address, Gender, Salary, DNumber, SupervisorSSN) values ('547-65-6089', 'Robin', 'Rose', '1961-02-06', '5184 Fuller Junction', 'F', 118876, 2, '258-50-5348');
insert into EMPLOYEE (SSN, FName, LName, BDate, Address, Gender, Salary, DNumber, SupervisorSSN) values ('205-55-7259', 'Andrea', 'Fuller', '1962-07-04', '170 Londonderry Circle', 'F', 74696, 2, '258-50-5348');
insert into EMPLOYEE (SSN, FName, LName, BDate, Address, Gender, Salary, DNumber, SupervisorSSN) values ('259-27-6729', 'Jimmy', 'Alvarez', '1977-01-10', '5 Monument Trail', 'M', 127870, 3, '909-18-6340');
insert into EMPLOYEE (SSN, FName, LName, BDate, Address, Gender, Salary, DNumber, SupervisorSSN) values ('116-93-2348', 'Anne', 'Black', '1964-05-13', '36 Bultman Hill', 'F', 128870, 3, '909-18-6340');
insert into EMPLOYEE (SSN, FName, LName, BDate, Address, Gender, Salary, DNumber, SupervisorSSN) values ('676-89-3072', 'Sean', 'Wells', '1968-10-27', '6 Donald Point', 'M', 108132, 3, '909-18-6340');
insert into EMPLOYEE (SSN, FName, LName, BDate, Address, Gender, Salary, DNumber, SupervisorSSN) values ('189-20-2439', 'Henry', 'Chavez', '1982-05-14', '94084 Southridge Way', 'M', 172654, 3, '909-18-6340');
insert into EMPLOYEE (SSN, FName, LName, BDate, Address, Gender, Salary, DNumber, SupervisorSSN) values ('461-48-6554', 'Alice', 'Coleman', '1983-07-26', '1 Ridge Oak Plaza', 'F', 151617, 3, '909-18-6340');
insert into EMPLOYEE (SSN, FName, LName, BDate, Address, Gender, Salary, DNumber, SupervisorSSN) values ('742-83-4198', 'Dorothy', 'Richards', '1980-04-08', '254 Dapin Plaza', 'F', 145446, 3, '909-18-6340');
insert into EMPLOYEE (SSN, FName, LName, BDate, Address, Gender, Salary, DNumber, SupervisorSSN) values ('820-74-0987', 'Nancy', 'Harper', '1993-05-13', '152 Calypso Hill', 'F', 130536, 3, '909-18-6340');
insert into EMPLOYEE (SSN, FName, LName, BDate, Address, Gender, Salary, DNumber, SupervisorSSN) values ('366-75-1224', 'Tina', 'Gibson', '1977-12-21', '8729 Mcbride Avenue', 'F', 145056, 3, '909-18-6340');
insert into EMPLOYEE (SSN, FName, LName, BDate, Address, Gender, Salary, DNumber, SupervisorSSN) values ('909-18-6340', 'Todd', 'Marshall', '1951-01-19', '77088 Oneill Terrace', 'M', 169686, 3, NULL );
insert into EMPLOYEE (SSN, FName, LName, BDate, Address, Gender, Salary, DNumber, SupervisorSSN) values ('394-31-4260', 'Edward', 'Duncan', '1991-07-21', '8 Loeprich Plaza', 'M', 66344, 3, '909-18-6340');

delete from DEPARTMENT;
insert into DEPARTMENT (DName, MgrStartDate, DNumber, MgrSSN) values ('Operations', '1999-01-07', 3, '704-75-2286');
insert into DEPARTMENT (DName, MgrStartDate, DNumber, MgrSSN) values ('Research', '2001-08-07', 2, '258-50-5348');
insert into DEPARTMENT (DName, MgrStartDate, DNumber, MgrSSN) values ('Production', '2003-09-12', 1, '909-18-6340');

delete from DEPENDENT;
insert into DEPENDENT (Name, Gender, BDate, Relationship, ESSN) values ('Joyce', 'F', '1998-05-20', 'grandparent', '394-31-4260');
insert into DEPENDENT (Name, Gender, BDate, Relationship, ESSN) values ('Katherine', 'M', '2003-03-18', 'parent', '193-93-7676');
insert into DEPENDENT (Name, Gender, BDate, Relationship, ESSN) values ('Beverly', 'F', '2008-03-09', 'grandparent', '587-79-3807');
insert into DEPENDENT (Name, Gender, BDate, Relationship, ESSN) values ('Julia', 'F', '1999-09-10', 'grandparent', '373-78-7338');
insert into DEPENDENT (Name, Gender, BDate, Relationship, ESSN) values ('Jane', 'F', '2013-11-02', 'grandparent', '587-79-3807');
insert into DEPENDENT (Name, Gender, BDate, Relationship, ESSN) values ('Diana', 'F', '1997-11-07', 'grandparent', '193-93-7676');
insert into DEPENDENT (Name, Gender, BDate, Relationship, ESSN) values ('Lori', 'F', '2002-01-25', 'parent', '195-07-7140');
insert into DEPENDENT (Name, Gender, BDate, Relationship, ESSN) values ('Amanda', 'M', '2014-07-02', 'grandparent', '124-92-8463');
insert into DEPENDENT (Name, Gender, BDate, Relationship, ESSN) values ('Teresa', 'F', '2011-12-28', 'parent', '394-31-4260');
insert into DEPENDENT (Name, Gender, BDate, Relationship, ESSN) values ('Heather', 'F', '2010-09-13', 'parent', '742-83-4198');
insert into DEPENDENT (Name, Gender, BDate, Relationship, ESSN) values ('Denise', 'M', '2004-05-03', 'parent', '461-48-6554');
insert into DEPENDENT (Name, Gender, BDate, Relationship, ESSN) values ('Marie', 'F', '2009-01-28', 'grandparent', '704-75-2286');
insert into DEPENDENT (Name, Gender, BDate, Relationship, ESSN) values ('Margaret', 'F', '2014-03-12', 'grandparent', '704-75-2286');
insert into DEPENDENT (Name, Gender, BDate, Relationship, ESSN) values ('Diana', 'M', '2013-07-20', 'parent', '258-50-5348');
insert into DEPENDENT (Name, Gender, BDate, Relationship, ESSN) values ('Kimberly', 'F', '2006-05-16', 'parent', '378-34-4245');
insert into DEPENDENT (Name, Gender, BDate, Relationship, ESSN) values ('Jessica', 'M', '1998-05-23', 'parent', '124-92-8463');
insert into DEPENDENT (Name, Gender, BDate, Relationship, ESSN) values ('Anne', 'F', '2003-11-28', 'parent', '193-93-7676');
insert into DEPENDENT (Name, Gender, BDate, Relationship, ESSN) values ('Rachel', 'M', '2007-02-16', 'grandparent', '193-93-7676');
insert into DEPENDENT (Name, Gender, BDate, Relationship, ESSN) values ('Angela', 'F', '2010-07-08', 'grandparent', '142-39-8417');
insert into DEPENDENT (Name, Gender, BDate, Relationship, ESSN) values ('Lisa', 'F', '2004-01-29', 'grandparent', '459-12-9122');
insert into DEPENDENT (Name, Gender, BDate, Relationship, ESSN) values ('Annie', 'F', '2003-10-11', 'parent', '189-20-2439');
insert into DEPENDENT (Name, Gender, BDate, Relationship, ESSN) values ('Alice', 'F', '2009-05-24', 'parent', '378-34-4245');
insert into DEPENDENT (Name, Gender, BDate, Relationship, ESSN) values ('Helen', 'F', '2015-10-13', 'parent', '742-83-4198');
insert into DEPENDENT (Name, Gender, BDate, Relationship, ESSN) values ('Margaret', 'M', '2004-06-13', 'parent', '259-27-6729');
insert into DEPENDENT (Name, Gender, BDate, Relationship, ESSN) values ('Phyllis', 'F', '2000-09-10', 'parent', '366-75-1224');
insert into DEPENDENT (Name, Gender, BDate, Relationship, ESSN) values ('Julie', 'F', '1998-06-03', 'grandparent', '195-07-7140');
insert into DEPENDENT (Name, Gender, BDate, Relationship, ESSN) values ('Rebecca', 'M', '2015-07-18', 'grandparent', '378-34-4245');
insert into DEPENDENT (Name, Gender, BDate, Relationship, ESSN) values ('Patricia', 'F', '1998-03-30', 'parent', '116-93-2348');
insert into DEPENDENT (Name, Gender, BDate, Relationship, ESSN) values ('Evelyn', 'M', '2011-09-13', 'grandparent', '193-93-7676');
insert into DEPENDENT (Name, Gender, BDate, Relationship, ESSN) values ('Susan', 'M', '1999-11-23', 'parent', '704-75-2286');

delete from PROJECT;
insert into PROJECT (PName, PNumber, PLocation, DNumber) values ('wufoo.com', 1, 'Armenia', 1);
insert into PROJECT (PName, PNumber, PLocation, DNumber) values ('bandcamp.com', 2, 'Mexico', 1);
insert into PROJECT (PName, PNumber, PLocation, DNumber) values ('nyu.edu', 3, 'Indonesia', 1);
insert into PROJECT (PName, PNumber, PLocation, DNumber) values ('jigsy.com', 4, 'China', 1);
insert into PROJECT (PName, PNumber, PLocation, DNumber) values ('myspace.com', 5, 'China', 1);
insert into PROJECT (PName, PNumber, PLocation, DNumber) values ('tumblr.com', 6, 'Sweden', 2);
insert into PROJECT (PName, PNumber, PLocation, DNumber) values ('elpais.com', 7, 'China', 2);
insert into PROJECT (PName, PNumber, PLocation, DNumber) values ('networksolutions.com', 8, 'United States', 2);
insert into PROJECT (PName, PNumber, PLocation, DNumber) values ('apache.org', 9, 'Brazil', 2);
insert into PROJECT (PName, PNumber, PLocation, DNumber) values ('twitter.com', 10, 'Russia', 3);
insert into PROJECT (PName, PNumber, PLocation, DNumber) values ('mapquest.com', 11, 'Ivory Coast', 3);
insert into PROJECT (PName, PNumber, PLocation, DNumber) values ('epa.gov', 12, 'Malaysia', 3);
insert into PROJECT (PName, PNumber, PLocation, DNumber) values ('washington.edu', 13, 'Ukraine', 3);
insert into PROJECT (PName, PNumber, PLocation, DNumber) values ('opensource.org', 14, 'Yemen', 3);
insert into PROJECT (PName, PNumber, PLocation, DNumber) values ('narod.ru', 15, 'Brazil', 3);

delete from WORKS_ON;
insert into WORKS_ON (ESSN, PNumber, Hours) values ('621-85-5251', 2, 13);
insert into WORKS_ON (ESSN, PNumber, Hours) values ('700-16-2808', 9, 1);
insert into WORKS_ON (ESSN, PNumber, Hours) values ('260-19-9175', 14, 17);
insert into WORKS_ON (ESSN, PNumber, Hours) values ('366-75-1224', 14, 2);
insert into WORKS_ON (ESSN, PNumber, Hours) values ('260-19-9175', 6, 14);
insert into WORKS_ON (ESSN, PNumber, Hours) values ('142-39-8417', 3, 7);
insert into WORKS_ON (ESSN, PNumber, Hours) values ('124-92-8463', 9, 5);
insert into WORKS_ON (ESSN, PNumber, Hours) values ('547-65-6089', 5, 17);
insert into WORKS_ON (ESSN, PNumber, Hours) values ('259-27-6729', 13, 18);
insert into WORKS_ON (ESSN, PNumber, Hours) values ('116-93-2348', 8, 14);
insert into WORKS_ON (ESSN, PNumber, Hours) values ('446-47-4497', 9, 4);
insert into WORKS_ON (ESSN, PNumber, Hours) values ('723-82-0194', 13, 20);
insert into WORKS_ON (ESSN, PNumber, Hours) values ('909-18-6340', 8, 8);
insert into WORKS_ON (ESSN, PNumber, Hours) values ('446-47-4497', 4, 12);
insert into WORKS_ON (ESSN, PNumber, Hours) values ('621-85-5251', 4, 19);
insert into WORKS_ON (ESSN, PNumber, Hours) values ('258-50-5348', 6, 12);
insert into WORKS_ON (ESSN, PNumber, Hours) values ('446-47-4497', 1, 9);
insert into WORKS_ON (ESSN, PNumber, Hours) values ('742-83-4198', 8, 20);
insert into WORKS_ON (ESSN, PNumber, Hours) values ('704-75-2286', 6, 11);
insert into WORKS_ON (ESSN, PNumber, Hours) values ('260-19-9175', 2, 16);
insert into WORKS_ON (ESSN, PNumber, Hours) values ('909-18-6340', 15, 13);
insert into WORKS_ON (ESSN, PNumber, Hours) values ('366-75-1224', 13, 7);
insert into WORKS_ON (ESSN, PNumber, Hours) values ('366-75-1224', 6, 19);
insert into WORKS_ON (ESSN, PNumber, Hours) values ('116-93-2348', 4, 8);
insert into WORKS_ON (ESSN, PNumber, Hours) values ('373-78-7338', 3, 3);
insert into WORKS_ON (ESSN, PNumber, Hours) values ('116-93-2348', 11, 1);
insert into WORKS_ON (ESSN, PNumber, Hours) values ('587-79-3807', 14, 14);
insert into WORKS_ON (ESSN, PNumber, Hours) values ('189-20-2439', 14, 20);
insert into WORKS_ON (ESSN, PNumber, Hours) values ('366-75-1224', 5, 5);
insert into WORKS_ON (ESSN, PNumber, Hours) values ('459-12-9122', 10, 6);
insert into WORKS_ON (ESSN, PNumber, Hours) values ('154-48-4508', 12, 3);
insert into WORKS_ON (ESSN, PNumber, Hours) values ('373-78-7338', 7, 17);
insert into WORKS_ON (ESSN, PNumber, Hours) values ('723-82-0194', 10, 2);
insert into WORKS_ON (ESSN, PNumber, Hours) values ('621-85-5251', 12, 12);
insert into WORKS_ON (ESSN, PNumber, Hours) values ('547-65-6089', 8, 14);
insert into WORKS_ON (ESSN, PNumber, Hours) values ('124-92-8463', 3, 6);
insert into WORKS_ON (ESSN, PNumber, Hours) values ('189-20-2439', 3, 1);
insert into WORKS_ON (ESSN, PNumber, Hours) values ('446-47-4497', 11, 14);
insert into WORKS_ON (ESSN, PNumber, Hours) values ('676-89-3072', 11, 15);
insert into WORKS_ON (ESSN, PNumber, Hours) values ('154-48-4508', 1, 4);
insert into WORKS_ON (ESSN, PNumber, Hours) values ('142-39-8417', 1, 4);
insert into WORKS_ON (ESSN, PNumber, Hours) values ('259-27-6729', 10, 4);
insert into WORKS_ON (ESSN, PNumber, Hours) values ('621-85-5251', 15, 11);
insert into WORKS_ON (ESSN, PNumber, Hours) values ('461-48-6554', 2, 11);
insert into WORKS_ON (ESSN, PNumber, Hours) values ('142-39-8417', 9, 10);
insert into WORKS_ON (ESSN, PNumber, Hours) values ('547-65-6089', 2, 18);
insert into WORKS_ON (ESSN, PNumber, Hours) values ('587-79-3807', 3, 1);
insert into WORKS_ON (ESSN, PNumber, Hours) values ('258-50-5348', 3, 8);
insert into WORKS_ON (ESSN, PNumber, Hours) values ('258-50-5348', 4, 19);
insert into WORKS_ON (ESSN, PNumber, Hours) values ('373-78-7338', 4, 1);
insert into WORKS_ON (ESSN, PNumber, Hours) values ('366-75-1224', 3, 3);
insert into WORKS_ON (ESSN, PNumber, Hours) values ('124-92-8463', 10, 12);
insert into WORKS_ON (ESSN, PNumber, Hours) values ('700-16-2808', 5, 11);
insert into WORKS_ON (ESSN, PNumber, Hours) values ('154-48-4508', 15, 16);
insert into WORKS_ON (ESSN, PNumber, Hours) values ('193-93-7676', 9, 20);
insert into WORKS_ON (ESSN, PNumber, Hours) values ('723-82-0194', 5, 2);
insert into WORKS_ON (ESSN, PNumber, Hours) values ('459-12-9122', 13, 6);
insert into WORKS_ON (ESSN, PNumber, Hours) values ('459-12-9122', 9, 15);
insert into WORKS_ON (ESSN, PNumber, Hours) values ('124-92-8463', 5, 14);
insert into WORKS_ON (ESSN, PNumber, Hours) values ('446-47-4497', 8, 15);

delete from DEPT_LOCATION;
insert into DEPT_LOCATION (Location, DNumber) values ('Indonesia', 2);
insert into DEPT_LOCATION (Location, DNumber) values ('Brazil', 1);
insert into DEPT_LOCATION (Location, DNumber) values ('Sweden', 3);
insert into DEPT_LOCATION (Location, DNumber) values ('Kazakhstan', 1);
insert into DEPT_LOCATION (Location, DNumber) values ('El Salvador', 1);
insert into DEPT_LOCATION (Location, DNumber) values ('United States', 3);
insert into DEPT_LOCATION (Location, DNumber) values ('Serbia', 2);
insert into DEPT_LOCATION (Location, DNumber) values ('Sweden', 2);


